prod_name,HS6,Balance_mean,q,co_quantity
"Waste and scrap of primary cells, primary batteries and electric accumulators: spent primary cells, spent primary batteries and spent electric accumulators",854810,0.072563799,81799.066,5935.650984
Turbines: parts of steam and other vapour turbines,840690,0.137052243,6277.182,860.3018728
"Electric accumulators: lithium-ion, including separators, whether or not rectangular (including square)",850760,0.069203267,5329.698,368.8325137
"Electric accumulators: other than lead-acid, nickel-cadmium, nickel-iron, nickel-metal hydride and lithium-ion, including separators, whether or not rectangular (including square)",850780,0.096146903,1763.34,169.5396799
"Turbines: steam and other vapour turbines, (for other than marine propulsion), of an output exceeding 40MW",840681,0.132778808,1199.105,159.2157326
"Turbines: steam and other vapour turbines, (for other than marine propulsion), of an output not exceeding 40MW",840682,0.134580669,1130.65,152.1636334
"Magnets: permanent magnets and articles intended to become permanent magnets after magnetisation, of metal",850511,0.124944493,783.633,97.91062788
"Cells and batteries: primary, lithium",850650,0.065223436,1003.689,65.46404526
Turbines: parts of gas turbines (excluding turbo-jets and turbo-propellers),841199,0.007111536,7171.32,50.99910035
"Cells and batteries: primary, parts thereof",850690,0.142929429,348.026,49.74315746
Vehicles: with only electric motor for propulsion,870380,0.004130871,4939.551,20.40464798
Lithium oxide and hydroxide,282520,0.254685014,1821.69,463.9571432
"Electrical resistors: fixed, for a power handling capacity not exceeding 20W (including rheostats and potentiometers but excluding heating resistors and carbon resistors)",853321,0.026522833,2952.124,78.29869185
Cobalt ores and concentrates,260500,0.036318972,2082.226,75.62430779
"Electrical resistors: variable, including rheostats and potentiometers (excluding heating)",853340,0.026498881,1633.053,43.27407711
"Electric accumulators: nickel-metal hydride, including separators, whether or not rectangular (including square)",850750,0.052477042,690.878,36.25523382
Electronic integrated circuits: amplifiers,854233,0.190488444,154.963,29.51866075
"Electrical resistors: fixed, for a power handling capacity exceeding 20W (including rheostats and potentiometers but excluding heating resistors and carbon resistors)",853329,0.026535438,1052.457,27.92740747
"Electric accumulators: nickel-cadmium, including separators, whether or not rectangular (including square)",850730,0.005701205,927.364,5.287092274
"Manganese ores and concentrates, including ferruginous manganese ores and concentrates with a manganese content of 20% or more, calculated on the dry weight",260200,0.025451692,8666934.832,220588.1559
"Steel, alloy: semi-finished products",722490,0.077354047,1944733.436,150433.0016
"Steel, alloy: flat-rolled, width 600mm or more, n.e.c. in heading no. 7225, electrolytically plated or coated with zinc",722591,0.214334744,402464.837,86262.19781
Ferro-alloys: ferro-nickel,720260,0.230630767,330767.222,76285.09811
"Chlorides: other than of ammonium, calcium, magnesium, aluminium and nickel",282739,0.388943826,156090.938,60710.60663
Carbonates: n.e.c. in heading no. 2836 and other than lithium or strontium,283699,0.451408614,79682.659,35969.43866
Copper ores and concentrates,260300,0.006874694,4496384.49,30911.26748
Aluminium ores and concentrates,260600,0.000810213,36810680.85,29824.49217
Sulphates: n.e.c. in item no. 2833.2,283329,0.191337372,154435.367,29549.25727
Salt (including table salt and denatured salt): pure sodium chloride whether or not in aqueous solution: sea water,250100,0.000953862,12466954.16,11891.75383
Ferro-alloys: n.e.c. in heading no. 7202,720299,0.278606495,38012.767,10590.60378
"Slag, granulated (slag sand): from the manufacture or iron or steel",261800,0.005998006,1403426.959,8417.763321
"Phosphides, chemically defined or not, not ferrophosphorus: other inorganic compounds n.e.c. (including distilled, conductivity water and water of like purity): liquid air, rare gases removed or not: compressed air: amalgams, not precious metal amalgams",285390,0.438505354,17948.791,7870.640951
"Steel, alloy: ingots and other primary forms",722410,0.078094495,95818.206,7482.874409
Nitrates: of other than potassium,283429,0.238645489,24223.366,5780.797024
"Iron or steel: threaded screws and bolts n.e.c. in item no. 7318.1, whether or not with their nuts or washers",731815,0.049270016,115824.074,5706.653979
Cobalt oxides and hydroxides: commercial cobalt oxides,282200,0.698672644,5266.977,3679.892746
Ferro-alloys: ferro-molybdenum,720270,0.114613846,22365.9,2563.441818
"Iron or non-alloy steel: flat-rolled, width 600mm or more, plated or coated with chromium oxides or with chromium and chromium oxides",721050,0.037408897,66031.268,2470.156903
Fluorides: other than of aluminium,282619,0.508620505,4443.146,2259.875162
"Cobalt: mattes and other intermediate products of cobalt metallurgy, unwrought cobalt, powders",810520,0.31911757,6586.132,2101.75044
Electronic integrated circuits: n.e.c. in heading no. 8542,854239,0.18162614,11341.213,2059.86074
Zinc ores and concentrates,260800,0.000665022,3021778.195,2009.548979
"Ceramic sinks, wash basins, wash basin pedestals, baths, bidets, water closet pans, flushing cisterns, urinals and similar sanitary fixtures: of porcelain or china",691010,0.028520976,69748.795,1989.303708
Acids: saturated acyclic monocarboxylic acids: acetic acid and its salts n.e.c. in item no. 2915.2,291529,0.21656389,8841.067,1914.655861
"Acids: saturated acyclic monocarboxylic acids: palmitic acid, stearic acid, their salts and esters",291570,0.095252792,18078.824,1722.058462
"Phosphates: (other than of mono- or disodium, other than of potassium or of calcium hydrogenorthophosphate (dicalcium phosphate) and excluding other phosphates of calcium), whether or not chemically defined",283529,0.316072008,4813.235,1521.328851
"Slag, dross: (other than granulated slag), scalings and other waste from the manufacture of iron or steel",261900,0.005299547,280034.229,1484.054558
"Appliances: worn, carried or implanted in the body, to compensate for a defect or disability",902190,0.672394413,1907.483,1282.580912
Bromides and bromide oxides: other than item no. 2827.51,282759,0.248651761,4388.387,1091.180155
"Electronic integrated circuits: processors and controllers, whether or not combined with memories, converters, logic circuits, amplifiers, clock and timing circuits, or other circuits",854231,0.181016776,5839.023,1056.961118
"Catalysts, supported: reaction initiators, reaction accelerators and catalytic preparations, with an active substance other than nickel or precious metals or their compounds, n.e.c. or included",381519,0.056999991,17238.938,982.6193108
"Nickel: bars, rods and profiles, of nickel alloys",750512,0.077463091,11619.259,900.0637173
"Carbides: whether or not chemically defined, other than of calcium or silicon",284990,0.099433015,8387.57,834.0013736
Tableware and kitchenware: of porcelain or china,691110,0.028547311,28796.651,822.0669519
"Nickel: unwrought, alloys",750220,0.085502792,9280.015,793.4671923
Nickel ores and concentrates,260400,0.001590742,445666.233,708.9399948
"Pharmaceutical goods: dental cements and other dental fillings, bone reconstruction cements",300640,0.677136933,1032.494,699.1398205
"Steel, alloy: bars and rods, of high speed steel",722810,0.056063931,12155.112,681.4633605
"Pigments: prepared pigments, opacifiers, colours and similar preparations",320710,0.169666281,3550.879,602.4644342
"Boilers: vapour generating boilers, including hybrid boilers n.e.c. in heading no. 8402",840219,0.153477851,3498.651,536.9654369
"Nickel: wire, of nickel alloys",750522,0.078217379,4859.096,380.0657534
"Slag, ash and residues: (not from the manufacture of iron or steel), containing mainly metals or their compounds, n.e.c. in heading no. 2620",262099,0.003974927,82048.232,326.1357327
"Ceramic wares: for laboratory, chemical or other technical uses, other than articles having a hardness equivalent to 9 or more on the Mohs scale or of porcelain or china",690919,0.028005562,9720.146,272.2181515
Iodides and iodide oxides,282760,0.176049117,1305.32,229.8004334
"Nickel: plates, sheets, strip and foil, of nickel alloys",750620,0.077167219,2830.96,218.4573103
"Air conditioning machines: with motor driven fan and elements for temperature control, parts thereof",841590,0.003371165,62029.928,209.1131222
Ferro-alloys: ferro-silico-chromium,720250,0.058353856,3534.582,206.256489
Boilers: watertube boilers with a steam production exceeding 45t per hour,840211,0.156094604,1306.045,203.8665771
"Steel, stainless: ingots and other primary forms",721810,0.019825607,10017.075,198.5945922
"Machine-tools: for working metal, sintered metal carbides or cermets, without removing material, n.e.c. in heading no. 8463",846390,0.053270744,3382.034,180.1634674
Ores and concentrates n.e.c. in chapter 26: other than antimony,261790,0.078885835,1972.871,155.6315762
"Tools: for working in the hand, with self-contained electric motor: drills of all kinds",846721,0.012803419,11967.546,153.2255058
"Engines: for aircraft, spark-ignition reciprocating or rotary internal combustion piston engines",840710,0.297819622,469.425,139.8039761
Boilers: watertube boilers with a steam production not exceeding 45t per hour,840212,0.153084469,828.357,126.8085915
Parts of electronic integrated circuits,854290,0.186666227,679.118,126.7683947
"Acids: acyclic polycarboxylic acids: oxalic acid, its salts and esters",291711,0.332584775,376.332,125.1622935
Cobalt: waste and scrap,810530,0.260813758,435.649,113.6232529
"Steel, alloy: bars and rods, hot-rolled, in irregularly wound coils, of high speed steel",722710,0.058951223,1872,110.3566895
Sound recording or reproducing apparatus: n.e.c. in heading no 8519,851989,0.083824916,1219.365,102.2131687
"Slag, ash and residues: (not from the manufacture of iron or steel), containing mainly copper",262030,0.002174492,45699.312,99.37278835
"Ceramic wares: for laboratory, chemical or other technical uses, of porcelain or china",690911,0.029086515,2625.471,76.36580162
Cobalt: articles n.e.c. in heading no. 8105,810590,0.157715081,454.788,71.72692626
Aeroplanes and other aircraft: of an unladen weight not exceeding 2000kg,880220,0.199556118,356.507,71.14315296
"Sound recording or reproducing apparatus: using magnetic, optical or semiconductor media, n.e.c. in item no 8519.20, 8519.30 or 8519.50",851981,0.119874775,539.746,64.70193031
Electronic integrated circuits: memories,854232,0.182745587,314.916,57.54950928
"Teleferics, chair-lifts, ski-draglines, traction mechanisms for funiculars",842860,0.002886541,18714.521,54.02023216
"Cutlery: sets of assorted articles (e.g. spoons, forks, ladles, skimmers, cake-servers, fish-knives, butter knives, sugar tongs and similar), not plated with precious metal",821520,0.014927482,3476.996,51.9027952
Ferrous products: remelting scrap ingots,720450,0.000598085,85092.736,50.89268901
"Tools, interchangeable: (for machine or hand tools, whether or not power-operated), for turning",820780,0.050883885,981.404,49.93764827
"Tools, hand: band saw blades",820220,0.01260775,3959.431,49.91951619
"Tools, interchangeable: (for machine or hand tools, whether or not power-operated), for milling",820770,0.050974949,943.36,48.08772789
Compressors: air compressors mounted on a wheeled chassis for towing,841440,0.002806472,15596.512,43.77117423
"Tools, interchangeable: (for machine or hand tools, whether or not power-operated), tools for pressing, stamping or punching",820730,0.004977844,8227.635,40.95588352
"Steel, alloy: flat-rolled, width 600mm or more, cold-rolled",722550,7.18E-05,557507.742,40.02905588
"Steel, alloy: flat-rolled, width less than 600mm, of high speed steel",722620,0.061180279,629.888,38.53672358
"Air conditioning machines: comprising a motor-driven fan and elements for changing the temperature and humidity, of a kind designed to be fixed to a window, wall, ceiling or floor, self-contained or """"split-system"""" ",841510,0.001658052,22660.321,37.57199055
"Ceramic statuettes and other ornamental ceramic articles, of porcelain or china",691310,0.028565745,1276.387,36.46094556
Complex cyanides,283720,0.369373105,93.784,34.64128728
"Household and toilet articles: n.e.c. in heading no. 6911, of porcelain or china",691190,0.028727788,1073.634,30.84312994
"Vehicles: with only compression-ignition internal combustion piston engine (diesel or semi-diesel), cylinder capacity over 2500cc",870333,0.000179395,168667.52,30.25810975
"Printing, copying, and facsimile machines: single-function printing, copying or facsimile machines, not capable of connecting to an automatic data processing machine or to a network",844339,0.00581666,5110.654,29.7269367
Telephones for cellular networks or for other wireless networks,851712,0.014325327,2021.745,28.96215824
"Steel, alloy: flat-rolled, width 600mm or more, hot-rolled, not in coils",722540,4.45E-05,645518.015,28.72555167
"Automatic data processing machines: portable, weighing not more than 10kg, consisting of at least a central processing unit, a keyboard and a display",847130,0.006328899,4453.44,28.18537196
"Tools: knives and cutting blades, for machines or for mechanical appliances, for metal working",820810,0.093788043,290.654,27.25986985
"Steel, alloy: flat-rolled, width less than 600mm, (excluding silicon-electrical or high speed steel), cold-rolled",722692,0.000539492,46441.203,25.05465749
"Aeroplanes and other aircraft: of an unladen weight exceeding 15,000kg",880240,0.003729927,6130.481,22.8662466
"Printing, copying, and facsimile machines: machines which perform two or more of the functions of printing, copying or facsimile transmission, capable of connecting to an automatic data processing machine or to a network",844331,0.001967215,11018.428,21.67561684
"Ferrous waste and scrap: turnings, shavings, chips, milling waste, sawdust, fillings, trimmings and stampings, whether or not in bundles",720441,3.28E-05,642722.981,21.08131378
"Steel, alloy: bars and rods, hot-rolled, in irregularly wound coils, n.e.c. in heading no. 7227",722790,5.70E-05,341780.268,19.48147528
"Nickel: tubes and pipes, of nickel alloys",750712,0.078005542,245.05,19.11525807
"Steel, alloy: wire, of materials other than silico-manganese steel",722990,0.000202298,93795.879,18.97471873
Turbines: parts of turbo-jets and turbo-propellers,841191,0.007129734,2641.387,18.8323867
"Vehicles: with only spark-ignition internal combustion reciprocating piston engine, cylinder capacity over 1500 but not over 3000cc",870323,1.70E-05,1104539.027,18.77716346
"Printing, copying, and facsimile machines: single-function printing, copying or facsimile machines, capable of connecting to an automatic data processing machine or to a network",844332,0.001981912,9473.464,18.77557198
Ceramic articles n.e.c. in chapter 69: of porcelain or china,691410,0.02838458,661.103,18.76513099
"Metal machines: multi-station transfer machines, for working metal",845730,0.001467015,12628.905,18.52679307
Nickel oxides and hydroxides,282540,0.007102387,2481.161,17.62216563
"Tools, hand: drilling, threading or tapping tools",820510,0.025075335,647.679,16.2407679
"Air conditioning machines: containing a motor driven fan, other than window or wall types, incorporating a refrigerating unit and a valve for reversal of the cooling/heat cycle (reversible heat pumps)",841581,0.001657939,9766.256,16.19185671
Driers: prepared,321100,0.002878695,5350.786,15.4032809
"Tools, interchangeable: (for machine or hand tools, whether or not power-operated), tools for tapping or threading",820740,0.025075797,596.994,14.97010035
"Vehicles: with only compression-ignition internal combustion piston engine (diesel or semi-diesel), cylinder capacity over 1500 but not over 2500cc",870332,1.98E-05,745089.97,14.75278141
"Communication apparatus (excluding telephone sets or base stations): machines for the reception, conversion and transmission or regeneration of voice, images or other data, including switching and routing apparatus",851762,0.001969308,7365.308,14.50455997
"Aeroplanes and other aircraft: of an unladen weight exceeding 2000kg but not exceeding 15,000kg",880230,0.016130059,878.016,14.16244988
Ferrous waste and scrap: of alloy steel (excluding stainless),720429,2.36E-05,552471.947,13.03833795
"Vehicles: with only spark-ignition internal combustion reciprocating piston engine, cylinder capacity over 1000 but not over 1500cc",870322,2.34E-05,538699.213,12.60556158
"Freezers: of the upright type, not exceeding 900l capacity",841840,0.000401607,28091.569,11.28177075
"Furniture incorporating refrigerating or freezing equipment: for storage and display, n.e.c. in item no. 8418.1, 8418.2, 8418.3 or 8418.4 (chests, cabinets, display counters, show-cases and the like)",841850,0.0001858,60319.591,11.20738001
"Vehicles: compression-ignition internal combustion piston engine (diesel or semi-diesel), for transport of goods, (of a gvw not exceeding 5 tonnes), n.e.c. in item no 8704.1",870421,2.14E-05,505962.151,10.82759003
Refrigerating or freezing equipment: n.e.c. in heading no. 8418,841869,0.000681297,15867.629,10.81056803
"Tools, hand: circular saw blades (including slitting or slotting saw blades), with working part of steel",820231,0.012560493,820.017,10.29981779
"Reception apparatus for television, whether or not incorporating radio-broadcast receivers or sound or video recording or reproducing apparatus: incorporating a colour video display or screen",852872,0.001214324,8449.123,10.25997284
"Machine-tools: way-type unit head machines, for drilling, boring, milling, threading or tapping by removing metal, other than lathes of heading no. 8458",845910,0.008249909,1175.043,9.693997821
"Steel, alloy: bars and rods, hot-rolled, hot-drawn or extruded",722830,2.40E-05,392902.605,9.42966252
"Elevators and conveyors: continuous-action, for goods or materials, n.e.c. in item no. 8428.20, 8428.31, 8428.32 or 8428.33",842839,0.000223327,40444.003,9.032237858
Engines: parts for internal combustion piston engines (excluding spark-ignition),840999,2.25E-05,378051.69,8.506163025
"Air conditioning machines: containing a motor driven fan, other than window or wall types, not incorporating a refrigerating unit",841583,0.00165277,5131.515,8.481214047
"Pumps and compressors: for air, vacuum or gas, n.e.c. in heading no. 8414",841480,0.000109042,75122.461,8.191503392
"Turbines: steam and other vapour turbines, for marine propulsion",840610,0.138779265,58.226,8.080561484
"Vehicles: with both spark-ignition internal combustion reciprocating piston engine and electric motor for propulsion, incapable of being charged by plugging to external source of electric power",870340,8.64E-05,92490.214,7.99115449
"Tools, hand: circular saw blades (including slitting or slotting saw blades), with working part of materials (other than steel)",820239,0.012444412,629.861,7.838249787
"Lamps: portable, electric, designed to function by their own source of energy (excluding lighting equipment of heading no. 8512)",851310,0.002992484,2582.312,7.727527343
Ferrous waste and scrap: n.e.c. in heading no. 7204,720449,1.07E-06,7159825.273,7.661013042
"Machine-tools: sharpening (tool or cutter grinding) machines, numerically controlled",846031,0.005735171,1332.789,7.643772822
"Steel, alloy: bars and rods, cold-formed or cold-finished",722850,5.19E-05,143781.212,7.462244903
"Machine-tools: for drilling by removing metal, numerically controlled",845921,0.011817569,611.111,7.221846409
Lifts and skip hoists,842810,8.46E-05,74542.307,6.306279172
Elevators and conveyors: pneumatic,842820,0.000707713,8719.427,6.17085184
"Vehicles: with only compression-ignition internal combustion piston engine (diesel or semi-diesel), cylinder capacity not over 1500cc",870331,5.28E-05,114970.215,6.070427352
"Catalysts, supported: reaction initiators, reaction accelerators and catalytic preparations, with precious metal or precious metal compounds as the active substance, n.e.c. or included",381512,0.001622529,3518.16,5.708316627
"Lathes: for removing metal, horizontal, numerically controlled",845811,0.000399137,14126.431,5.63838129
"Air conditioning machines: containing a motor driven fan, other than window or wall types, incorporating a refrigerating unit",841582,0.001656396,3280.614,5.433995907
"Sulphides and polysulphides: whether or not chemically defined, other than sulphides of sodium",283090,0.000926648,5543.683,5.137042765
"Television cameras, digital cameras and video camera recorders",852580,0.002983557,1703.083,5.081245206
"Catalysts, supported: reaction initiators, reaction accelerators and catalytic preparations, with nickel or nickel compounds as the active substance, n.e.c. or included",381511,0.002206681,2129.92,4.700053996
"Weaving machines (looms): for weaving fabrics of a width exceeding 30cm, shuttle type, power looms",844621,0.001724884,2720.832,4.693119583
"Tools: plates, sticks, tips and the like for tools, unmounted, of sintered metal carbides or cermets",820900,0.002235634,2082.688,4.656128104
"Machine-tools: flat-surface grinding machines, numerically controlled",846012,0.001167267,3980.512,4.646320301
Base stations,851761,0.003118628,1383.382,4.31425384
"Machine-tools: sawing or cutting-off machines, working by removing metal, sintered metal carbides or cermets",846150,0.001115035,3806.748,4.244657256
"Vehicles: with only spark-ignition internal combustion reciprocating piston engine, cylinder capacity not over 1000cc",870321,2.23E-05,181799.573,4.054130478
"Machine-tools: sharpening (tool or cutter grinding) machines, other than numerically controlled",846039,0.003721656,1067.408,3.972525388
"Lifting, handling, loading or unloading machinery: n.e.c. in heading no. 8425, 8426, 8427 or 8428",842890,5.04E-05,76646.851,3.86300129
"Freezers: of the chest type, not exceeding 800l capacity",841830,0.000313909,11610.27,3.644568245
"Refractory cements, mortars, concretes and similar compositions: other than products of heading no. 3801",381600,6.85E-06,527686.394,3.614651799
Machine-tools: for honing or lapping,846040,0.003860954,915.624,3.535182145
"Printing machinery: used for printing by means of plates, cylinders and other printing components of heading 84.42, n.e.c. in item no. 8443.1",844319,0.000872693,3872.111,3.379164165
"Elevators and conveyors: continuous-action, for goods or materials, belt type, n.e.c. in item no. 8428.20 or 8428.31",842833,0.00023041,14174.49,3.265944241
"Lathes: for removing metal, other than horizontal or numerically controlled lathes",845899,0.001592399,2037.281,3.244164227
"Machine-tools: for milling by removing metal, not knee-type, other than numerically controlled",845969,0.002574799,1233.646,3.176390487
"Elevators and conveyors: continuous-action, for goods or materials, bucket type, n.e.c. in item no. 8428.20 or 8428.31",842832,0.000757868,4173.191,3.162727917
Pumps: hand or foot-operated air pumps,841420,0.00411519,760.683,3.130355075
"Automatic data processing machines: comprising in the same housing at least a central processing unit and an input and output unit, whether or not combined, n.e.c. in item no. 8471.30",847141,0.000813561,3789.005,3.082586697
Sound recording or reproducing apparatus: turntables (record-decks),851930,0.004912708,614.414,3.018436573
"Cameras, photographic (excluding cinematographic): n.e.c. in heading no 9006",900659,0.01503168,193.108,2.902737661
"Washing machines: household or laundry-type, not fully-automatic, without built-in centrifugal drier, of a dry linen capacity not exceeding 10kg",845019,0.001250081,2285.297,2.856806359
"Vehicles: spark-ignition internal combustion piston engine, for transport of goods, (of a g.v.w. not exceeding 5 tonnes), n.e.c. in item no 8704.1",870431,2.06E-05,138181.007,2.846528744
"Machine-tools: for milling by removing metal, knee-type, other than numerically controlled",845959,0.006453434,434.905,2.806630714
"Tools, interchangeable: (for machine or hand tools, whether or not power-operated), dies for drawing or extruding metal",820720,0.004926578,568.337,2.799956561
"Refrigerators and freezers: combined refrigerator-freezers, fitted with separate external doors, electric or other",841810,3.11E-05,87226.42,2.712741662
Compressors: of a kind used in refrigerating equipment,841430,2.30E-05,113073.778,2.600696894
"Tools, hand: straight saw blades, for working metal",820291,0.00506944,485.646,2.461953258
"Metal: catalysts in the form of wire cloth or grill, of platinum",711510,0.059368804,41.17,2.444213661
"Steel, alloy: flat-rolled, width less than 600mm, (excluding silicon-electrical or high speed steel), hot-rolled",722691,1.57E-05,151698.129,2.381660625
"Magnetic media: cards incorporating a magnetic stripe, whether or not recorded, excluding products of Chapter 37",852321,0.000783933,2921.396,2.29017873
"Elevators and conveyors: continuous-action, for goods and materials, specially designed for underground use, n.e.c. in item no. 8428.20",842831,0.002024588,1111.896,2.251131299
"Vehicles: with both spark-ignition internal combustion reciprocating piston engine and electric motor for propulsion, capable of being charged by plugging to external source of electric power",870360,0.000270042,7934.573,2.142667962
"Refrigerating or freezing equipment: parts thereof, other than furniture",841899,8.23E-05,25415.467,2.091692934
"Washing machines: household or laundry-type, of a dry linen capacity exceeding 10kg",845020,0.000406004,5140.267,2.086968963
Machine-tools: for threading or tapping by removing metal,845970,0.007241317,288.006,2.085542744
"Engines: parts, suitable for use solely or principally with spark-ignition internal combustion piston engines (for other than aircraft)",840991,2.25E-05,88809.932,1.99822347
"Pumps and compressors: parts, of air or vacuum pumps, air or other gas compressors and fans, ventilating or recycling hoods incorporating a fan",841490,4.08E-05,48369.849,1.973489839
"Machine-tools: grinding machines (excluding flat-surface), other than numerically controlled",846029,0.001614995,1212.426,1.958061928
"Communication apparatus (excluding telephone sets or base stations): machines for the transmission or reception of voice, images or other data (including wired/wireless networks), n.e.c. in item no. 8517.6",851769,0.0015084,1296.008,1.954898467
"Vehicles: specially designed for travelling on snow, golf cars and similar vehicles",870310,0.000825114,2348.766,1.937999709
Amplifier sets: electric sound,851850,0.002765743,695.545,1.923698715
"Optical media: recorded, excluding products of Chapter 37",852349,7.05E-05,27029.248,1.905561984
"Ovens: microwave, of a kind used for domestic purposes",851650,0.000139169,13029.253,1.813268111
"Machine-tools: for drilling by removing metal, other than numerically controlled",845929,0.000632865,2857.4,1.808348451
Vehicles: for transport of persons (other than those of heading no. 8702) n.e.c. in heading no. 8703,870390,0.000322049,5233.435,1.685422508
"Lathes: for removing metal, numerically controlled, other than horizontal lathes",845891,0.000588332,2828.535,1.664117654
"Refrigerating or freezing equipment: parts, furniture designed to receive refrigerating or freezing equipment",841891,0.001780611,872.076,1.552828118
Microphones and stands therefor,851810,0.001659678,847.47,1.406527315
"Hoods: ventilating or recycling hoods incorporating a fan, whether or not fitted with filters, having a maximum horizontal side not exceeding 120cm",841460,0.000311927,4383.275,1.367261821
"Refrigerators: household, electric or not, other than compression-type",841829,0.000955444,1422.263,1.35889265
"Wrist-watches: electrically operated, with or without a stop-watch, (other than those of heading no. 9101) with mechanical display only",910211,0.004607696,294.636,1.357593119
Textile machinery: carding machines for preparing textile fibres,844511,0.001318236,1015.044,1.338067542
"Electrical resistors: wirewound variable, including rheostats and potentiometers, for a power handling capacity not exceeding 20W (excluding heating)",853331,0.02736434,47.876,1.310095142
"Vehicles: with only spark-ignition internal combustion reciprocating piston engine, cylinder capacity over 3000cc",870324,1.34E-05,95311.594,1.27717536
"Machine-tools: for deburring, grinding, polishing or otherwise finishing metal, sintered metal carbides or cermets by means of grinding stones, abrasives or polishing products, n.e.c. in heading no. 8460",846090,0.001945332,653.163,1.270618885
"Machine-tools: for milling by removing metal, knee-type, numerically controlled",845951,0.006598923,177.494,1.171269239
"Transmission apparatus for radio-broadcasting or television, whether or not incorporating sound recording or reproducing apparatus, incorporating reception apparatus",852560,0.002350004,493.329,1.159325123
"Machine-tools: flat-surface grinding machines, other than numerically controlled",846019,0.000949604,1218.875,1.157448576
"Magnetic media: other than cards incorporating a magnetic stripe, whether or not recorded, excluding products of Chapter 37",852329,0.001131532,1010.324,1.143213936
"Loudspeakers: single, mounted in their enclosures",851821,0.000102592,10820.823,1.110129873
Textile machinery: combing machines for preparing textile fibres,844512,0.007552704,141.638,1.069749889
Loudspeakers: not mounted in their enclosures,851829,0.000123633,8624.378,1.066257725
"Electrical resistors: wirewound variable, including rheostats and potentiometers, for a power handling capacity exceeding 20W (excluding heating)",853339,0.027239835,37.434,1.019695983
"Machine-tools: planing machines, and other machine-tools n.e.c. in heading no. 8461: working by removing metal, sinistered metal carbides or cerments.",846190,0.001540912,658.742,1.015063453
"Loudspeakers: multiple, mounted in the same enclosure",851822,0.000194282,5169.332,1.00430816
Textile machinery: doubling or twisting machines,844530,0.001640953,597.224,0.980016514
"Washing machines: household or laundry-type, fully-automatic, (of a dry linen capacity not exceeding 10kg)",845011,3.02E-05,31997.804,0.966333681
Telephone sets n.e.c. in item no. 8517.1,851718,0.00150793,626.919,0.945349968
"Knitting machines: circular, with cylinder diameter exceeding 165mm",844712,0.006549339,140.613,0.920922205
"Headphones and earphones, whether or not combined with a microphone, and sets consisting of a microphone and one or more loudspeakers",851830,0.000473757,1891.497,0.896109944
"Refrigerators: for household use, compression-type, electric or other",841821,5.05E-05,17474.287,0.882451494
"Steel, alloy: flat-rolled, width 600mm or more, hot-rolled, in coils",722530,1.58E-06,545411.942,0.861750868
Heat pumps: other than air conditioning machines of heading no. 8415,841861,0.000211817,3923.709,0.831108269
"Machines: unit construction machines (single station), for working metal",845720,0.005059464,163.063,0.825011378
"Machine-tools: shaping or slotting machines, working by removing metal, sintered metal carbides or cermets",846120,0.003003499,264.823,0.795395616
Textile machinery: involved in textile fibre or textile yarn preparation and n.e.c. in heading no. 8445,844590,0.000340628,2320.828,0.790539
"Machine-tools: grinding machines (excluding flat-surface, cylindrical and centreless), numerically controlled",846024,0.00102351,765.172,0.783161194
"Machine-tools: gear cutting, gear grinding or gear finishing machines, working by removing metal, sintered metal carbides or cermets",846140,0.000602635,1256.626,0.75728681
"Machine-tools: cylindrical grinding machines (excluding flat-surface and centreless), numerically controlled",846023,0.001026906,678.103,0.696348039
"Textile machinery: n.e.c. in heading no. 8445, for preparing textile fibres",844519,0.000329886,2075.066,0.684535222
Circuits: printed,853400,0.000109957,6200.31,0.681767487
"Wrist-watches: electrically operated, with or without a stop-watch, (other than those of heading no. 9101) without mechanical or opto-electronic display",910219,0.004572262,148.946,0.681020136
Slag and ash n.e.c. in chapter 26: including seaweed ash (kelp) but excluding ash and residues from the incineration of municipal waste,262190,1.08E-05,62327.839,0.673140661
"Lathes: for removing metal, horizontal, other than numerically controlled",845819,0.000143515,4552.757,0.653388921
Textile machinery: spinning machines,844520,0.00049362,1304.364,0.643860158
"Textile machinery: for extruding, drawing, texturing or cutting man-made textile materials",844400,0.000133361,4190.539,0.558854472
Textile machinery: winding (including weft-winding) or reeling machines,844540,0.000340041,1582.328,0.538056395
Washing machines: parts for household or laundry-type,845090,0.000111284,4076.038,0.453597813
"Wrist-watches: whether or not incorporating a stop-watch facility, with other than automatic winding",910229,0.00969811,44.094,0.427628462
Line telephone sets with cordless handsets,851711,0.001508479,283.347,0.427422999
"Vacuum cleaners, with self-contained electric motor, of a power not exceeding 1,500 W and having a dust bag or other receptacle capacity not exceeding 20L",850811,6.62E-05,6104.464,0.404115517
Monitors: other than cathode-ray tube: capable of directly connecting to and designed for use with an automatic data processing machine of heading 84.71,852852,4.56E-05,8835.562,0.402901627
"Tricycles, scooters, pedal cars and similar wheeled toys: dolls' carriages: dolls: other toys: reduced-size (scale) models and similar recreational models, working or not: puzzles of all kinds",950300,7.01E-06,56495.472,0.396033259
"Weaving machines (looms): for weaving fabrics of a width exceeding 30cm, shuttle type, other than power looms",844629,0.001877217,206.289,0.387249218
"Telephone sets and other apparatus for the transmission or reception of voice, images or other data, via a wired or wireless network: parts",851770,6.60E-05,5791.388,0.382231608
Pumps: vacuum,841410,8.81E-05,4229.851,0.372649873
"Vehicles: with both compression-ignition internal combustion piston engine (diesel or semi-diesel) and electric motor for propulsion, incapable of being charged by plugging to external source of electric power",870350,0.000166116,2088.193,0.346882268
Escalators and moving walkways,842840,0.000424345,812.377,0.344728118
"Trimmings, accessories and parts of articles of heading no. 6601 or 6602: n.e.c. in heading no. 6603",660390,0.00017123,1935.988,0.331499225
"Microphones, headphones, earphones, amplifier equipment: parts of the equipment of heading no. 8518",851890,0.000127699,2430.52,0.310374973
"Machines: for making gimped yarn, tulle, lace, embroidery, trimmings, braid or net and machines for tufting",844790,0.000441431,699.48,0.308772156
"Machine-tools: for boring-milling by removing metal, numerically controlled",845931,0.000242333,1159.142,0.280898358
"Knitting machines: flat, stitch-bonding machines",844720,0.000432271,626.526,0.270829021
"Vacuum cleaners, with self-contained electric motor, n.e.c. in item no. 8508.1",850819,6.63E-05,3227.039,0.213952686
"Washing machines: household or laundry-type, with built-in centrifugal drier, (not fully-automatic), of a dry linen capacity not exceeding 10kg",845012,0.000492815,433.704,0.213735837
"Units of automatic data processing machines: processing units other than those of item no. 8471.41 or 8471.49, whether or not containing in the same housing one or two of the following types of unit: storage units, input units or output units",847150,5.20E-05,3900.073,0.202803796
"Wrist-watches: electrically operated, with or without a stop-watch, (other than those of heading no. 9101) with opto-electronic display only",910212,0.004562946,42.089,0.192049834
"Automatic data processing machines: presented in the form of systems, n.e.c. in item no. 8471.30 or 8471.41",847149,0.000114629,1569.335,0.179891302
"Magnetic or optical readers, machines for transcribing data onto data media in coded form and machines for processing such data, not elsewhere specified or included",847190,0.00010835,1629.964,0.176606599
"Fans: table, floor, wall, window, ceiling or roof fans, with a self-contained electric motor of an output not exceeding 125W",841451,5.58E-05,3122.879,0.174256648
"Vehicles: public transport type (carries 10 or more persons, including driver), with only electric motor for propulsion, new or used",870240,5.95E-05,2821.148,0.167858306
Weaving machines (looms): for weaving fabrics of a width 30cm or less,844610,0.000354464,403.104,0.142885856
"Printing machinery: offset, n.e.c. in item no. 8443.1",844313,2.06E-05,6802.157,0.140124434
Units of automatic data processing machines: storage units,847170,8.19E-05,1672.936,0.137013458
Fans: n.e.c. in item no. 8414.51,841459,1.40E-05,9584.067,0.134176938
"Units of automatic data processing machines: n.e.c. in item no. 8471.50, 8471.60 or 8471.70",847180,8.86E-05,1496.41,0.132581926
"Wrist-watches: electrically operated, with or without a stop-watch, with case of precious metal or metal clad with precious metal, without mechanical display",910119,0.004591874,28.278,0.129849013
"Wrist-watches: whether or not incorporating a stop-watch facility, with automatic winding",910221,0.004502775,27.934,0.125780517
"Vehicles: with both compression-ignition internal combustion piston engine (diesel or semi-diesel) and electric motor for propulsion, capable of being charged by plugging to external source of electric power",870370,0.000312457,392.231,0.122555322
"Units of automatic data processing machines: input or output units, whether or not containing storage units in the same housing",847160,4.23E-05,2590.054,0.109559284
"Instruments and apparatus: specially designed for telecommunications (e.g. cross-talk meters, gain measuring instruments, distortion factor meters, psophometers)",903040,0.001501066,68.325,0.102560334
"Vehicles: for transport of goods, n.e.c. in heading no. 8704",870490,2.00E-05,5065.62,0.1013124
"Machine-tools: for boring-milling by removing metal, other than numerically controlled",845939,0.000213935,467.814,0.100081788
"Optical media: unrecorded, excluding products of Chapter 37",852341,5.78E-05,1552.619,0.089741378
"Machine-tools: grinding machines (excluding flat-surface), centreless, numerically controlled",846022,0.001022623,67.848,0.069382925
Chandeliers and other electric ceiling or wall light fittings: excluding those used for lighting public open spaces or thoroughfares,940510,1.56E-06,42801.869,0.066770916
"Reaction initiators, reaction accelerators and catalytic preparations, unsupported, n.e.c. or included",381590,2.74E-06,23644.339,0.064785489
"Wrist-watches: electrically operated, with or without a stop-watch, with case of precious metal or of metal clad with precious metal, with mechanical display only",910111,0.004597739,13.679,0.062892472
"Motorcycles (including mopeds) and cycles: fitted with auxiliary motor, with electric motor for propulsion, with or without side-cars: side-cars",871160,1.49E-05,4165.369,0.062063998
"Media n.e.c. in heading 8523, whether or not recorded, excluding products of Chapter 37",852380,8.82E-05,700.431,0.061778014
"Printing machinery: parts and accessories, n.e.c. in item no. 8443.91",844399,3.41E-06,16402.023,0.055930898
"Vehicles: public transport type (carries 10 or more persons, including driver), with both compression-ignition internal combustion piston engine (diesel or semi-diesel) and electric motor for propulsion, new or used",870220,1.38E-05,3948.923,0.054495137
Dish washing machines: of the household type,842211,1.15E-05,4415.918,0.050783057
"Printing machinery: offset, reel-fed",844311,2.03E-05,2344.134,0.04758592
"Knitting machines: circular, with cylinder diameter not exceeding 165mm",844711,0.000337211,140.396,0.047343076
Printing machinery: flexographic,844316,1.01E-05,4605.364,0.046514176
"Games: articles for funfair, table or parlour games, including pintables, special tables for casino games, automatic bowling alley equipment, n.e.c. in heading 9504",950490,5.37E-06,7596.828,0.040794966
"Monitors: cathode-ray tube, n.e.c. in subheading 8528.42, whether or not colour",852849,0.000141185,281.108,0.039688233
"Heaters: electric, instantaneous or storage water and immersion heaters",851610,9.70E-07,40801.834,0.039577779
"Semiconductor media: solid-state non-volatile storage devices, whether or not recorded, excluding products of Chapter 37",852351,5.51E-05,618.711,0.034090976
"Machine-tools: for milling by removing metal, (not knee-type), numerically controlled",845961,1.63E-05,2073.087,0.033791318
Projectors: capable of directly connecting to and designed for use with an automatic data processing machine of heading 84.71,852862,4.15E-05,799.817,0.033192406
"Printing machinery: offset, sheet-fed, office type (sheet size not exceeding 22 x 36cm in the unfolded state)",844312,1.12E-05,2813.172,0.031507526
"Machine-tools: for boring by removing metal, not numerically controlled boring machines, n.e.c. in heading 8459",845949,9.52E-05,295.108,0.028094282
Drying machines: of a dry linen capacity not exceeding 10kg,845121,1.22E-05,2258.98,0.027559556
"Machines and apparatus of a kind used solely or principally for the manufacture or repair of masks and reticles, assembling semiconductor devices or electronic integrated circuits, or for lifting, handling, loading or unloading items of heading 8486",848640,0.000136502,196.297,0.026794933
"Slag, ash and residues: (not from the manufacture of iron or steel), containing arsenic, mercury, thallium or their mixtures, of a kind used for the extraction of arsenic or those metals or for the manufacture of their chemical compounds",262060,0.022766073,1.032,0.023494587
"Games: video game consoles and machines, other than those of subheading 9504.30",950450,9.50E-06,2061.523,0.019584469
"Ovens, cookers, cooking plates, boiling rings, grillers and roasters: of a kind used for domestic purposes (excluding microwaves)",851660,6.98E-07,27290.478,0.019048754
"Medical, surgical instruments and appliances: magnetic resonance imaging apparatus",901813,4.60E-05,376.538,0.017320748
"Monitors: cathode-ray tube, capable of directly connecting to and designed for use with an automatic data processing machine of heading 84.71",852842,0.000125524,134.71,0.016909338
Sewing machines: of the household type,845210,2.21E-06,6297.582,0.013917656
"Semiconductor media: other than smart cards, whether or not recorded, excluding products of Chapter 37",852359,6.15E-05,223.581,0.013750232
"Electro-mechanical domestic appliances: with self-contained electric motor, other than vacuum cleaners of heading 85.08, n.e.c. in heading no. 8509",850980,2.28E-06,5463.473,0.012456718
"Lamps, electric: floor-standing or for table, desk or bedside",940520,1.55E-06,7865.717,0.012191861
Drying machines: of a dry linen capacity exceeding 10kg,845129,1.23E-05,861.437,0.010595675
"Signalling apparatus: electric, sound or visual, indicator panels incorporating liquid crystal devices (LCD) or light-emitting diodes (LED), excluding those of heading no. 8512 or 8530",853120,7.01E-06,1333.957,0.009351039
Textile machinery: drawing or roving machines for preparing textile fibres,844513,5.38E-05,159.745,0.008594281
Heating apparatus: electric soil heating apparatus and space heating apparatus (excluding storage heating radiators),851629,1.71E-06,4586.695,0.007843248
Smoothing irons: electric,851640,2.21E-06,3221.163,0.00711877
"Machine-tools: for boring by removing metal, numerically controlled boring machines, n.e.c. in heading 8459",845941,0.000110242,61.62,0.006793112
Electrical static converters,850440,2.29E-07,29196.288,0.00668595
Printing machinery: gravure,844317,9.11E-06,684.898,0.006239421
"Monitors other than cathode-ray tube: n.e.c. in subheading 8528.52, whether or not colour",852859,6.91E-06,874.567,0.006043258
"Medical, surgical instruments and appliances: electro-diagnostic apparatus (including apparatus for functional exploratory examination or for checking physiological parameters), n.e.c. in item no. 9018.1",901819,3.31E-06,1717.57,0.005685157
Office machines: not elsewhere classified,847290,1.35E-06,3879.024,0.005236682
Weighing machines: personal (including baby scales) and household scales,842310,2.22E-06,1976.576,0.004387999
"Electro-thermic appliances: coffee or tea makers, of a kind used for domestic purposes",851671,9.75E-07,4354.248,0.004245392
Machines incorporating a calculating device: n.e.c. in heading no. 8470,847090,2.84E-06,1393.933,0.00395877
Centrifuges: clothes-dryers,842112,4.31E-06,812.141,0.003500328
"Tools: for working in the hand, with self-contained electric motor: other than saws and drills",846729,1.28E-07,23489.039,0.003006597
"Medical, surgical instruments and appliances: ultrasonic scanning apparatus",901812,3.21E-06,822.563,0.002640427
Lighting sets: of a kind used for Christmas trees,940530,1.53E-06,1689.196,0.00258447
Cash registers,847050,2.83E-06,886.027,0.002507456
"Electro-mechanical domestic appliances: food grinders and mixers, fruit or vegetable juice extractors, with self-contained electric motor",850940,1.89E-07,13130.421,0.00248165
Radio-broadcast receivers n.e.c. in heading no. 8527: combined with sound recording or reproducing apparatus,852791,1.16E-06,2019.812,0.002342982
"Radio-broadcast receivers not capable of operating without an external source of power, of a kind used in motor vehicles: combined with sound recording or reproducing apparatus",852721,1.44E-06,1617.842,0.002329692
"Medical, surgical instruments and appliances: electro-cardiographs",901811,3.40E-06,667.324,0.002268902
"Printing machinery: letterpress, other than reel-fed, excluding flexographic printing",844315,6.48E-06,345.131,0.002236449
"Electro-thermic appliances: n.e.c. in heading no. 8516, used for domestic purposes",851679,1.83E-07,11261.79,0.002060908
"Reception apparatus for television, whether or not incorporating radio-broadcast receivers or sound or video recording or reproducing apparatus: not designed to incorporate a video display or screen",852871,2.05E-06,996.335,0.002042487
"Clocks: (excluding those with watch movements and instrument panel clocks), wall clocks, electrically operated",910521,2.20E-06,913.993,0.002010785
Mechano-therapy appliances: massage apparatus and psychological aptitude-testing apparatus,901910,2.47E-07,8068.921,0.001993023
Video recording or reproducing apparatus: other than magnetic tape-type,852190,2.06E-06,945.265,0.001947246
"Musical instruments: keyboard, (other than accordions), the sound of which is produced or must be amplified electrically",920710,1.43E-06,1312.443,0.001876793
"Calculating machines: electronic calculators capable of operation without an external source of electric power and pocket-size data recording, reproducing and displaying machines with calculating functions",847010,3.84E-06,459.633,0.001764991
"Tools: for working in the hand, with self-contained electric motor: saws",846722,2.49E-07,6501.541,0.001618884
Boilers: central heating boilers (excluding those of heading no. 8402),840310,3.85E-08,41455.962,0.001596055
Amplifiers: audio-frequency electric,851840,1.47E-06,1042.512,0.001532493
Sound recording or reproducing apparatus: telephone answering machines,851950,0.001499341,0.86,0.001289433
Dish washing machines: of other than household type,842219,2.74E-06,399.662,0.001095074
Photographic laboratory apparatus and equipment (including cinematographic): projection screens,901060,2.00E-06,540.808,0.001081616
"Projectors: n.e.c. in subheading 8528.62, whether or not colour",852869,2.00E-06,533.198,0.001066396
"Dental instruments and appliances: dental drill engines, whether or not combined on a single base with other dental equipment",901841,3.16E-06,334.155,0.00105593
"Welding machines and apparatus: for arc (including plasma arc) welding of metals, fully or partly automatic, whether or not capable of cutting",851531,2.44E-07,3533.356,0.000862139
"Projectors, cinematographic: whether or not incorporating sound recording or reproducing apparatus",900720,1.98E-06,426.048,0.000843575
"Musical instruments: (other than keyboard), the sound of which is produced or must be amplified electrically",920790,1.42E-06,593.809,0.000843209
"Office machines: for sorting or folding mail or for inserting mail in envelopes or bands, machines for opening, closing or sealing mail and machines for affixing or cancelling postage stamps",847230,2.66E-06,313.012,0.000832612
"Time switches: with clock, watch movement or synchronous motor",910700,2.33E-06,346.498,0.00080734
"Welding machines and apparatus: for resistance welding of metal, fully or partly automatic, whether or not capable of cutting",851521,2.39E-07,3006.048,0.000718445
Radio-broadcast receivers n.e.c. in heading no. 8527: not combined with sound recording or reproducing apparatus and not combined with a clock,852799,1.21E-06,577.426,0.000698685
Radio broadcast receivers capable of operating without an external power source: n.e.c. in item no. 8527.1,852719,1.13E-06,571.695,0.000646015
"Radio broadcast receivers capable of operating without an external power source: apparatus (other than pocket-size radio cassette-players), combined with sound recording or reproducing apparatus",852713,1.16E-06,506.411,0.000587437
"Vehicles: public transport type (carries 10 or more persons, including driver), with both compression-ignition internal combustion piston engine (diesel or semi-diesel) and electric motor for propulsion, new or used",870230,1.39E-05,41.814,0.000581215
"Lamps: ultra-violet or infra-red lamps, (excluding arc-lamps)",853949,1.83E-06,272.168,0.000498067
"Clocks: with watch movements, other than electrically operated, excluding clocks of heading no. 9104",910390,2.19E-06,225.653,0.00049418
Office machines: duplicating machines,847210,2.66E-06,160.739,0.000427566
"Clocks: (excluding those with watch movements and instrument panel clocks), alarm clocks, electrically operated",910511,2.21E-06,190.18,0.000420298
"Reception apparatus for television, whether or not incorporating radio-broadcast receivers or sound or video recording or reproducing apparatus: incorporating a monochrome video display or screen",852873,1.54E-05,26.158,0.000402833
"Calculating machines: electronic, (not incorporating a printing device), needing an external power source",847029,3.76E-06,105.923,0.00039827
"Electrical apparatus: photosensitive, including photovoltaic cells, whether or not assembled in modules or made up into panels, light-emitting diodes (LED)",854140,3.34E-08,11391.55,0.000380478
"Radio-broadcast receivers not capable of operating without an external source of power, of a kind used in motor vehicles: not combined with sound recording or reproducing apparatus",852729,1.48E-06,253.694,0.000375467
Hair clippers: with a self-contained electric motor,851020,2.40E-07,1505.974,0.000361434
"Calculating machines: electronic, incorporating a printing device, needing an external source of power",847021,3.79E-06,92.745,0.000351504
Heating apparatus: electric storage heating radiators,851621,1.15E-06,300.598,0.000345688
Hair-dressing apparatus: electro-thermic hair dryers,851631,2.40E-07,1416.713,0.000340011
Hair-removing appliances: with self-contained electric motor,851030,2.38E-07,1239.575,0.000295019
Radio-broadcast receivers n.e.c. in heading no. 8527: not combined with sound recording or reproducing apparatus but combined with a clock,852792,1.17E-06,215.554,0.000252198
"Lighting or visual signalling equipment: electrical, of a kind used on bicycles, excluding articles of heading no. 8539",851210,1.59E-06,157.688,0.000250724
"Clocks: (excluding those with watch movements and instrument panel clocks), wall clocks, other than electrically operated",910529,2.16E-06,108.048,0.000233384
Shavers: with self-contained electric motor,851010,2.37E-07,855.278,0.000202701
"Clocks: (excluding those with watch movements and instrument panel clocks), (other than alarm or wall clocks), electrically operated",910591,2.20E-06,91.274,0.000200803
"Electro-thermic appliances: toasters, of a kind used for domestic purposes",851672,1.81E-07,1029.016,0.000186252
Photographic laboratory apparatus and equipment: for automatically developing photographic (including cinematographic) film or paper in rolls or for automatically exposing developed film to rolls of paper,901010,1.99E-06,92.164,0.000183406
Blankets: electric,630110,2.23E-06,78.007,0.000173956
"Hair-dressing apparatus: electro-thermic, other than hair dryers",851632,2.41E-07,698.208,0.000168268
"Image projectors, photographic enlargers and reducers, excluding cinematographic",900850,1.99E-06,79.352,0.00015791
"Photographic laboratory apparatus and equipment: n.e.c. in item no. 9010.10, for photographic (including cinematographic) laboratories: negatoscopes",901050,1.99E-06,56.862,0.000113155
Video recording or reproducing apparatus: magnetic tape-type,852110,1.98E-06,48,9.50E-05
Photographic flashlight apparatus: discharge lamp (electronic),900661,4.64E-06,18.723,8.69E-05
"Cameras, cinematographic: whether or not incorporating sound recording apparatus",900710,4.52E-06,16.634,7.52E-05
"Pocket watches and other watches, including stop-watches: (excluding wrist-watches), other than those of heading no. 9101, electrically operated",910291,2.15E-06,28.996,6.23E-05
"Welding machines and apparatus: for resistance welding of metal, other than fully or partly automatic, whether or not capable of cutting",851529,2.37E-07,243.392,5.77E-05
"Medical, surgical instruments and appliances: scintigraphic apparatus",901814,3.24E-06,17.595,5.70E-05
"Brazing or soldering machines and apparatus: soldering irons and guns, whether or not capable of cutting",851511,2.35E-07,237.867,5.59E-05
"Vacuum cleaners, other than with a self-contained electric motor",850860,1.12E-07,485.441,5.44E-05
"Clocks: (excluding those with watch movements and instrument panel clocks), alarm clocks, other than electrically operated",910519,2.21E-06,24.279,5.37E-05
"Clocks: (excluding those with watch movements and instrument panel clocks), other than alarm or wall clocks, other than electrically operated",910599,2.23E-06,23.363,5.21E-05
"Clocks: with watch movements, electrically operated, excluding clocks of heading no. 9104",910310,2.18E-06,22.243,4.85E-05
Hand-drying apparatus: electro-thermic,851633,2.33E-07,171.594,4.00E-05
Photographic flashlight apparatus: n.e.c. in heading no. 9006,900669,4.61E-06,8.066,3.72E-05
"Pocket watches and other watches, including stop-watches: (excluding wrist-watches), other than those of heading no. 9101, other than electrically operated",910299,2.14E-06,16.785,3.59E-05
"Brazing or soldering machines and apparatus: other than soldering irons and guns, whether or not capable of cutting",851519,2.38E-07,147.368,3.51E-05
"Clock movements: complete and assembled, electrically operated",910910,2.15E-06,16.236,3.49E-05
Lamps: arc-lamps,853941,1.72E-06,16.03,2.76E-05
"Lamps and light fittings: electric, n.e.c. in heading no. 9405",940540,1.32E-09,20791.615,2.74E-05
Radio broadcast receivers capable of operating without an external power source: pocket-size radio cassette-players,852712,1.07E-06,12.939,1.38E-05
"Watch movements: complete and assembled, electrically operated, by means of solar cells, with opto-electronic display",910812,2.03E-06,5.6,1.14E-05
"Tools, hand: screwdrivers",820540,6.69E-09,1628.964,1.09E-05
"Clock movements: complete and assembled, other than electrically operated",910990,2.08E-06,4.508,9.38E-06
"Pocket-watches and other watches, including stop-watches: (excluding wrist-watches), with case of precious metal or of metal clad with precious metal, electrically operated",910191,1.99E-06,4.243,8.44E-06
"Watch movements: complete and assembled, electrically operated, with mechanical display only or with a device to which a mechanical display can be incorporated",910811,1.99E-06,2.41,4.80E-06
"Watch movements: complete and assembled, not automatic winding or electrically operated",910890,1.98E-06,2.253,4.46E-06
"Watch movements: complete and assembled, electrically operated, by means of solar cells, without mechanical display or device including such or opto-electronic display",910819,1.91E-06,0.889,1.70E-06
